{"cameraMode":{"drawMode":0,"name":"Shaded","section":"Shading Mode"},"sceneLighting":false,"audioPlay":false,"sceneViewState":{"showFog":true,"showMaterialUpdate":true,"showSkybox":true,"showFlares":true,"showImageEffects":true,"showParticleSystems":true},"in2DMode":false,"pivot":{"x":37.16999816894531,"y":-5.496294975280762,"z":21.799999237060548},"rotation":{"x":0.08085106313228607,"y":0.0385693721473217,"z":-0.0031307805329561235,"w":0.9959747791290283},"size":3.2915940284729006,"orthographic":false}