{"cameraMode":{"drawMode":0,"name":"Shaded","section":"Shading Mode"},"sceneLighting":false,"audioPlay":false,"sceneViewState":{"showFog":true,"showMaterialUpdate":true,"showSkybox":false,"showFlares":true,"showImageEffects":true,"showParticleSystems":true},"in2DMode":false,"pivot":{"x":55.48237609863281,"y":5.019000053405762,"z":0.15999998152256013},"rotation":{"x":0.08085106313228607,"y":0.0385693721473217,"z":-0.0031307805329561235,"w":0.9959747791290283},"size":5.676438808441162,"orthographic":false}