{"cameraMode":{"drawMode":0,"name":"Shaded","section":"Shading Mode"},"sceneLighting":false,"audioPlay":false,"sceneViewState":{"showFog":true,"showMaterialUpdate":false,"showSkybox":false,"showFlares":true,"showImageEffects":true,"showParticleSystems":true},"in2DMode":false,"pivot":{"x":10.50000286102295,"y":2.000000476837158,"z":10.49999713897705},"rotation":{"x":0.0687640905380249,"y":-0.9164469242095947,"z":0.17957893013954163,"w":0.35092440247535708},"size":33.96141052246094,"orthographic":false}