{"cameraMode":{"drawMode":0,"name":"Shaded","section":"Shading Mode"},"sceneLighting":true,"audioPlay":false,"sceneViewState":{"showFog":true,"showMaterialUpdate":false,"showSkybox":false,"showFlares":true,"showImageEffects":true,"showParticleSystems":true},"in2DMode":false,"pivot":{"x":-154.51318359375,"y":104.92002868652344,"z":-67.17143249511719},"rotation":{"x":-0.1281263679265976,"y":-0.3847227394580841,"z":0.05402016639709473,"w":-0.9124987721443176},"size":16.33535385131836,"orthographic":false}