{"cameraMode":{"drawMode":0,"name":"Shaded","section":"Shading Mode"},"sceneLighting":false,"audioPlay":false,"sceneViewState":{"showFog":true,"showMaterialUpdate":true,"showSkybox":false,"showFlares":true,"showImageEffects":true,"showParticleSystems":true},"in2DMode":false,"pivot":{"x":55.48219299316406,"y":13.730805397033692,"z":0.5902854800224304},"rotation":{"x":0.039912328124046329,"y":0.6934168934822083,"z":-0.03852419927716255,"w":0.7183982729911804},"size":4.122368812561035,"orthographic":false}