{"cameraMode":{"drawMode":0,"name":"Shaded","section":"Shading Mode"},"sceneLighting":false,"audioPlay":false,"sceneViewState":{"showFog":true,"showMaterialUpdate":true,"showSkybox":false,"showFlares":true,"showImageEffects":true,"showParticleSystems":true},"in2DMode":false,"pivot":{"x":154.00245666503907,"y":-17.72833251953125,"z":-34.2398681640625},"rotation":{"x":-0.05682462826371193,"y":-0.9411724805831909,"z":0.2017846256494522,"w":-0.2650441527366638},"size":148.54055786132813,"orthographic":false}