{"cameraMode":{"drawMode":0,"name":"Shaded","section":"Shading Mode"},"sceneLighting":false,"audioPlay":false,"sceneViewState":{"showFog":true,"showMaterialUpdate":true,"showSkybox":false,"showFlares":true,"showImageEffects":true,"showParticleSystems":true},"in2DMode":false,"pivot":{"x":0.01077166199684143,"y":1.4901161193847657e-8,"z":0.9131778478622437},"rotation":{"x":-0.021153634414076806,"y":0.8630543947219849,"z":-0.036269620060920718,"w":-0.5033629536628723},"size":2.2233238220214845,"orthographic":false}